<?xml version="1.0" encoding="UTF-8"?>
<project-private xmlns="http://www.netbeans.org/ns/project-private/1">
    <editor-bookmarks xmlns="http://www.netbeans.org/ns/editor-bookmarks/2" lastBookmarkId="0"/>
    <open-files xmlns="http://www.netbeans.org/ns/projectui-open-files/2">
        <group>
            <file>file:/D:/myjava/SteelWorks/src/steelworks/KneeTable.java</file>
            <file>file:/D:/myjava/SteelWorks/src/steelworks/MenuDemo.java</file>
            <file>file:/D:/myjava/SteelWorks/src/steelworks/MyInterfaceHat.java</file>
            <file>file:/D:/myjava/SteelWorks/src/steelworks/SteelScore.java</file>
            <file>file:/D:/myjava/SteelWorks/src/steelworks/SteelWorks.java</file>
            <file>file:/D:/myjava/SteelWorks/src/steelworks/ReadFile.java</file>
        </group>
    </open-files>
</project-private>
